file;Pinking ;Greening ;Tearing ;Noise ;Black Line;White Line ;Over-exposure ;Blur ;Color Shifting ;JPEG Artefact;Posterisation;Ligne rouge;Ligne Jaune;Yellowing
000000000009.jpg;;;;;1;;1;;;1;;;;
000000000025.jpg;;;1;;;1;;;;;;;;
000000000030.jpg;;;1;1;;;;;;;;;;
000000000034.jpg;;;1;;;1;;;;;;;;
000000000049.jpg;;;;;1;;1;;;;;;;
000000000061.jpg;;;1;;;;;1;;;;;;
000000000071.jpg;;;1;1;1;;;;;;;;;
000000000072.jpg;;;;1;;;;;;1;;;;
000000000078.jpg;;;1;1;;;;;;;;;;
000000000081.jpg;;1;;1;;;;;;;;;;
000000000086.jpg;;;;;1;;1;;;;;;;
000000000089.jpg;;;;;;;;1;;;1;;;
000000000144.jpg;;;1;1;;;;1;;;;;;
000000000154.jpg;;;1;;;;;;1;1;;;;
000000000164.jpg;;;;1;1;;;;1;;;;;
000000000196.jpg;;;;1;;;;;;1;;;;
000000000208.jpg;;;1;;;1;;1;;;;;;
000000000241.jpg;;1;1;1;;;;;;;;;;
000000000247.jpg;;;1;;;;;1;;;1;;;
000000000257.jpg;;;1;;;;;1;;1;1;;;
000000000260.jpg;;;1;;;1;;;;1;;;;
000000000263.jpg;1;;;1;;;;;;1;;;;
000000000283.jpg;;;1;;;;;;;;1;;;
000000000307.jpg;;;;;1;;1;1;;;;;;
000000000312.jpg;1;;2;1;;;;;;1;;;;
000000000315.jpg;;;2;;1;;;;;1;1;;;
000000000321.jpg;;;1;;;;;;;1;1;;;
000000000322.jpg;1;;;1;;1;;;;1;;;;
000000000338.jpg;;;1;;;;;1;;;1;;;
000000000349.jpg;;;1;1;;1;;;;1;;;;
000000000359.jpg;;;1;;;;;;1;1;;;;
000000000360.jpg;;;1;;;;;;;1;;;;
000000000368.jpg;;;2;;;;;1;;1;;;;
000000000370.jpg;;;;;1;;1;;;;1;;;
000000000382.jpg;;;;;1;;;1;1;1;;;;
000000000389.jpg;;;1;1;;;;;;1;;;;
000000000395.jpg;1;;1;;;1;;;;;;;;
000000000397.jpg;;1;2;;;1;;;;1;1;;;
000000000400.jpg;;;1;;;;;1;;;1;;;
000000000404.jpg;;;1;;;;;;;1;1;;;
000000000415.jpg;1;;1;;;;;1;1;;1;;;
000000000419.jpg;;;1;;;;;1;;1;;;;
000000000431.jpg;;;1;;;;;1;;;1;;;
000000000436.jpg;;;;1;1;;1;;;1;;;;
000000000443.jpg;;;1;;;1;;;;1;1;;;
000000000450.jpg;;;1;;;;;1;;1;;;;
000000000459.jpg;;;;1;;;;;;1;;;;
000000000472.jpg;;;1;;;;;1;1;1;;;;
000000000490.jpg;;;1;;;1;;1;1;1;;;;
000000000514.jpg;;;2;;;;;;;1;1;;;
000000000520.jpg;;;;;;;;1;1;1;;;;
000000000529.jpg;;;;;;;;;;1;1;;;
000000000532.jpg;;;1;;;;;;1;1;1;;;
000000000564.jpg;;;2;;;1;;1;;1;;;;
000000000569.jpg;;1;1;;;;;1;1;1;;;;
000000000575.jpg;;;2;;;;;1;;1;;;;
000000000589.jpg;;;;;;;;1;;1;;;;
000000000597.jpg;;;1;;;1;;;;1;;;;
000000000599.jpg;;;1;;;;;1;;1;;;;
000000000612.jpg;;;;;;;;;;1;1;;;
000000000620.jpg;;;;1;;1;;;;1;;;;
000000000623.jpg;1;;2;;;;;;;1;1;;;
000000000629.jpg;;;;;1;;;;;1;1;;;
000000000641.jpg;;1;1;;1;;;1;;1;;;;
000000000643.jpg;;;1;1;;;;;;1;;;;
000000000650.jpg;;;1;;;;;;;1;1;;;
000000000656.jpg;1;;1;;1;;;;;1;1;;;
000000000671.jpg;;;1;;1;;;;;1;;;;
000000000675.jpg;;;2;;;;;1;;1;;;;
000000000681.jpg;;;1;;;1;;;;1;1;;;
000000000684.jpg;;;;;1;;1;;1;1;;;;
000000000690.jpg;;;1;;;;;1;;1;;;;
000000000692.jpg;;;;;1;;1;;;1;;;;
000000000711.jpg;;;1;;1;;;;;;1;;;
000000000730.jpg;;;;;1;;1;1;1;1;;;;
000000000731.jpg;;;1;;1;;;;1;1;;;;
000000000735.jpg;;;1;;;;;;;1;1;;;
000000000754.jpg;;;1;;1;;;;;1;1;;;
000000000761.jpg;;;1;;;;;1;1;1;1;;;
000000000775.jpg;1;;;;;;;1;1;1;;;;
000000000795.jpg;;;1;;1;;;1;1;1;;;;
000000000810.jpg;;1;2;;;;;1;;1;;;;
000000000813.jpg;;;2;;;;;1;;;;;;
000000000821.jpg;;;2;;;;;1;;;;;;
000000000827.jpg;;;;;;;;1;1;;;;;
000000000836.jpg;;;1;1;1;;;1;;;;;;
000000000839.jpg;;;1;1;;;;;;;;;;
000000000853.jpg;;;1;;;;;1;;1;;;;
000000000873.jpg;;;;;1;;1;1;;;;;;
000000000897.jpg;;;1;1;;;;;1;;;;;
000000000909.jpg;;;;;1;;1;1;;;;;;
000000000934.jpg;;;;1;1;;1;;;;;;;
000000000939.jpg;;;;;;;;;;1;;;;
000000000943.jpg;;;2;1;1;;;;;1;;;;
000000000960.jpg;;;1;1;;;;;1;;1;;;
000000000962.jpg;;;;1;;;;1;;;;;;
000000000969.jpg;;;1;1;;;;;;1;;;;
000000000984.jpg;;;2;;;1;;;;;1;;;
000000000996.jpg;;;1;1;1;;;;;1;;;;
000000000999.jpg;;;1;1;;;;;;1;;;;
000000001014.jpg;;;1;1;;;;;;;1;;;
000000001025.jpg;;;;1;;;;;;1;1;;;
000000001036.jpg;;;;1;;;;;;1;;;;
000000001053.jpg;;;1;1;;;;1;;;;;;
000000001063.jpg;;;;;1;;1;;;1;;;;
000000001064.jpg;;;1;1;;;;;;;;;;
000000001072.jpg;;;1;;1;;;1;;;;;;
000000001083.jpg;;;1;1;;;;1;;;;;;
000000001084.jpg;;;2;1;1;;;;;1;;;;
000000001089.jpg;;;;1;;;;1;;1;1;;;
000000001099.jpg;;;;1;1;;1;;;;;;;1
000000001107.jpg;;;1;1;;1;;;;1;;;;
000000001108.jpg;;;1;;;;;1;;;1;;;
000000001111.jpg;;;1;1;;;;;;;1;;;
000000001122.jpg;;;1;;;;;1;;;;;;
000000001145.jpg;;;1;;;1;;1;;1;;;;
000000001153.jpg;;;1;;;1;;;;1;1;;;
000000001168.jpg;;;2;1;1;;;;;;;;;
000000001171.jpg;;;;;1;;1;;1;;;;;
000000001176.jpg;;;1;;;;;1;;1;;;;
000000001180.jpg;;;;1;;;;1;;;1;;;
000000001200.jpg;;;1;1;;;;;;1;1;;;
000000001204.jpg;;;;1;;;;;1;;1;;;
000000001213.jpg;;;1;;;;;;;;1;;;
000000001216.jpg;;;1;;;;;1;1;;;;;
000000001228.jpg;;1;1;1;;;;;;1;;;;
000000001232.jpg;;1;1;1;;;;;;;;;;
000000001237.jpg;;;1;1;1;;;;;1;;;;
000000001238.jpg;;;1;;;;;1;;;;;;
000000001244.jpg;1;;;;;;1;1;;;;;;
000000001270.jpg;;;1;1;;;;;1;;1;;;
000000001282.jpg;;;1;;;;;1;;;;;;
000000001295.jpg;;;;;;;;1;1;1;;;;
000000001306.jpg;;;2;1;1;;;;1;;1;;;
000000001319.jpg;1;;1;;;;;1;;;;;;
000000001330.jpg;;;;;;;;1;1;1;;;;
000000001332.jpg;1;;;;1;;1;1;;;;;;
000000001340.jpg;;;;;1;;1;;;;1;;;
000000001342.jpg;;;2;;1;;;1;;;1;;;
000000001355.jpg;;;2;;;;;1;;1;;;;
000000001369.jpg;;;1;;;;;1;;1;;;;
000000001374.jpg;;;;;;;;1;;1;1;;;
000000001390.jpg;;;1;;;;;1;1;1;;;;
000000001397.jpg;;;1;;;;;1;;1;;;;
000000001407.jpg;;;;;;;;1;;1;;;;
000000001431.jpg;;;;;1;;1;1;;1;;;;
000000001442.jpg;;;2;;;;;1;;1;;;;
000000001453.jpg;;;1;;1;;;;;1;1;;;
000000001455.jpg;;;1;;;;;;;1;1;;;
000000001472.jpg;;;2;;1;;;1;;;1;;;
000000001501.jpg;1;;;;;1;;;;1;;;;
000000001518.jpg;1;;;;;1;;;;;1;;;
000000008014.jpg;;;;;;;;;;1;1;;;
000000008024.jpg;;;1;;1;;;1;1;1;1;;;
000000008043.jpg;1;;1;;;;;;;1;;;;
000000008062.jpg;;;;;1;;1;;1;1;;;;
000000008064.jpg;1;;1;;;;;;1;1;1;;;
000000008066.jpg;;;;;;;;;1;1;1;;;
000000008093.jpg;;;;1;;;;1;;1;;;;
000000008106.jpg;;;1;1;;;;;;;;;;
000000008119.jpg;;;;1;;;;1;;1;;;;
000000008131.jpg;;;;;;;;1;;1;1;;;
000000008138.jpg;;;;1;1;;1;;1;;;;;
000000008160.jpg;;;1;;;;;;;;1;;;
000000008170.jpg;;;1;1;;;;1;;;;;;
000000008176.jpg;;;1;;;;;1;;;1;;;
000000008179.jpg;;;1;;;;;;;;1;;;
000000008180.jpg;;;;;;;;1;1;;1;;;
000000008181.jpg;;;;;;;;1;;1;;;;
000000008187.jpg;1;;1;;;;;1;1;;1;;;
000000008191.jpg;1;;;1;;;;1;;1;;;;
000000008193.jpg;;;;;1;;1;;;;;;;
000000008195.jpg;;;1;;;;;1;;;1;;;
000000008196.jpg;;;1;1;;;;1;;;;;;
000000008218.jpg;;;;;;;;1;1;;;;;
000000008228.jpg;;;;1;;1;;1;;;;;;
000000008234.jpg;;;;;1;;;1;;1;;;;
000000008238.jpg;;;1;;;;;1;1;;1;;;
000000008245.jpg;;1;;;1;;;1;;;1;;;
000000008290.jpg;;;1;1;;1;;1;1;;;;;
000000008292.jpg;;;1;;;;;1;;;1;;;
000000008294.jpg;;;1;1;;;;1;;;;;;
000000008297.jpg;;;1;;;;;1;1;;1;;;
000000008311.jpg;;;1;;;;;1;;;;;;
000000008320.jpg;1;;1;;;;;1;1;;;;;
000000008321.jpg;;;1;1;1;;;1;1;;1;;;
000000008329.jpg;;;;1;;;;1;;;;;;
000000008336.jpg;1;;1;;;;;1;;;;;;
000000008339.jpg;;;1;;;;;1;;;;;;
000000008341.jpg;;;;1;1;;1;;;;;;;
000000008350.jpg;;;;1;;;;1;;;;;;
000000008373.jpg;;;;1;;;;1;;;;;;
000000008385.jpg;1;;1;;;1;;1;;;1;;;
000000008394.jpg;;;1;;;;;;;;1;;;
000000008401.jpg;;;;;;;;1;;1;;;;
000000008418.jpg;1;;1;;;;;;;;1;;;
000000008422.jpg;;1;;1;;;;1;;;;;;
000000008429.jpg;1;;;;;;;1;;;1;;;
000000008433.jpg;;1;1;1;;;;;1;;;;;
000000008436.jpg;;;1;;;1;;1;;;;;;
000000008439.jpg;;;1;;;;;1;;;;;;
000000008445.jpg;;;;;1;;;1;;;1;;;
000000008471.jpg;;;;;;;;1;;1;1;;;
000000008494.jpg;;;;;;;;1;1;;;;;
000000008498.jpg;;;;;;;;1;;;1;;;
000000008519.jpg;;;;;1;;1;1;;;;;;
000000008520.jpg;;;1;;1;;;1;;;;;;
000000008531.jpg;;;;;;;;1;;;1;;;
000000008536.jpg;;;1;;;;;;1;;1;;;
000000008547.jpg;;;1;1;1;;;1;;;;;;
000000008548.jpg;;;1;;;;;1;;;1;;;
000000008559.jpg;;;1;;;;;1;;1;;;;
000000008564.jpg;;;;;;;;1;1;;;;;
000000008568.jpg;;;;;;;;1;;;1;;;
000000008587.jpg;;;;1;;;;1;;;;;;
000000008589.jpg;;;;;;;;1;1;;1;;;
000000008592.jpg;;;;1;;;;;;1;;;;
000000008593.jpg;;;;;1;;1;;;;;;;
000000008594.jpg;;1;;;;1;;;;;1;;;
000000008603.jpg;;;;1;;;;1;1;;;;;
000000008612.jpg;;;;;;;;1;1;;1;;;
000000008639.jpg;;;;;;;;1;1;;1;;;
000000008646.jpg;;;;;1;;;;1;;;;;
000000008647.jpg;;;;;;;;1;;;;;;
000000008657.jpg;;;;;;1;;1;;;1;;;
000000008659.jpg;;;1;;;;;1;1;;1;;;
000000008677.jpg;;;;1;;;;1;1;;;;;
000000008686.jpg;;;;1;;;;1;1;;;;;
000000008691.jpg;;;1;;;1;;1;;;;;;
000000008711.jpg;;;1;1;;;;;1;;;;;
000000008721.jpg;;;;;;;;1;1;;1;;;
000000008725.jpg;;;;;;;;1;;;1;;;
000000008746.jpg;;;;;;;;1;1;;1;;;
000000008749.jpg;;;1;1;;;;1;;;;;;
000000008771.jpg;;;;1;;;;1;;1;;;;
000000008781.jpg;1;;1;1;;;;1;;;;;;
000000008786.jpg;1;;;1;;;;;1;;;;;
000000008789.jpg;;1;;;;;;;;;1;;;
000000008791.jpg;;1;;1;;;;;1;1;;;;
000000008794.jpg;;;1;;1;;;1;;;;;;
000000008797.jpg;;;1;;;1;;1;1;;;;;
000000008809.jpg;;;1;;;1;;1;;;1;;;
000000008821.jpg;;;1;1;;;;1;;;;;;
000000008829.jpg;;;;;;;;1;;;;;;
000000008830.jpg;;;;1;;;;1;1;;;;;
000000008841.jpg;;;;;1;;1;;1;;;;;
000000008846.jpg;;;1;;;;;1;1;;1;;;
000000008848.jpg;;;;1;1;;1;;;;;;;
000000008856.jpg;;;;;;;;1;;;1;;;
000000008872.jpg;;;;;1;;1;;1;;;;;
000000008876.jpg;;;;;;;;1;1;;;;;
000000008881.jpg;;;1;1;;;;1;;;;;;
000000008892.jpg;;1;1;;;;;1;;;;;;
000000008896.jpg;;;1;;;;;1;1;;1;;;
000000015738.jpg;0;1;2;0;0;0;0;;0;1;0;;;
000000015757.jpg;0;0;1;1;1;0;0;0;0;1;0;;;
000000015759.jpg;0;0;2;0;0;0;0;0;0;1;0;;;
000000015772.jpg;0;1;1;1;0;0;0;0;0;1;0;;;
000000015792.jpg;0;0;2;1;0;0;0;1;0;1;1;;;
000000015794.jpg;0;0;1;1;0;1;0;1;1;1;1;;;
000000015797.jpg;0;0;2;1;1;0;0;1;0;1;1;;;
000000015802.jpg;0;1;1;1;0;0;0;1;1;1;0;;;
000000015816.jpg;0;1;0;0;0;0;0;1;0;1;0;;;
000000015826.jpg;0;0;2;1;1;1;0;1;1;1;0;;;
000000015830.jpg;0;0;1;0;0;0;0;1;1;1;0;;;
000000015839.jpg;0;0;1;1;0;0;0;0;1;1;1;;;
000000015843.jpg;0;0;1;1;1;1;0;0;0;1;0;;;
000000015850.jpg;0;0;0;1;1;0;1;0;0;1;0;;;
000000015859.jpg;0;0;0;0;1;0;0;1;1;1;1;;;
000000015870.jpg;0;0;0;0;0;0;0;1;0;1;0;;;
000000015876.jpg;0;0;1;0;1;0;0;0;1;1;0;;;
000000015881.jpg;0;1;1;1;0;0;1;1;0;1;0;;;
000000015895.jpg;1;0;1;1;0;0;0;1;1;1;1;;;
000000015902.jpg;0;0;1;1;0;0;0;1;0;1;0;;;
000000015915.jpg;0;0;1;1;1;0;0;1;1;1;1;;;
000000015918.jpg;0;1;1;0;0;0;0;1;1;1;0;;;
000000015919.jpg;1;0;0;1;0;0;0;1;0;1;0;;;
000000015927.jpg;0;0;1;0;0;1;0;0;0;1;0;;;
000000015963.jpg;0;1;0;0;1;0;1;0;0;1;0;;;
000000015968.jpg;0;0;2;1;1;0;0;0;1;1;0;;;
000000015976.jpg;0;0;1;0;1;1;0;1;1;1;1;;;
000000015984.jpg;0;0;0;0;1;0;1;1;0;1;0;;;
000000015987.jpg;0;0;0;1;0;0;0;0;1;1;0;;;
000000016005.jpg;0;1;1;1;0;0;0;0;0;1;1;;;
000000016027.jpg;0;0;0;1;1;0;1;0;0;1;0;;;
000000016030.jpg;0;0;1;1;0;0;0;0;0;1;0;;;
000000016037.jpg;0;1;1;1;0;0;0;1;0;1;1;;;
000000016038.jpg;0;0;2;1;1;0;0;1;1;1;0;;;
000000016039.jpg;0;0;1;1;0;0;0;1;1;1;0;;;
000000016046.jpg;1;0;1;1;0;0;0;1;1;1;1;;;
000000016060.jpg;0;0;0;1;0;0;0;0;1;1;1;;;
000000016069.jpg;0;0;2;1;0;0;0;0;1;1;0;;;
000000016071.jpg;0;0;2;0;0;1;0;0;0;1;1;;;
000000016072.jpg;0;0;1;0;1;0;0;0;1;1;1;;;
000000016076.jpg;0;0;1;1;0;0;0;0;1;1;0;;;
000000016084.jpg;0;0;1;0;0;1;0;0;1;1;1;;;
000000016089.jpg;0;0;1;0;0;0;0;0;0;1;1;;;
000000016099.jpg;0;0;1;1;0;0;0;1;1;1;0;;;
000000016101.jpg;0;0;2;0;1;0;0;0;1;1;0;;;
000000016109.jpg;0;0;1;1;1;0;0;0;1;1;0;;;
000000016112.jpg;1;0;2;1;1;0;0;0;1;1;1;;;
000000016113.jpg;1;0;2;1;0;0;0;1;1;1;1;;;
000000016125.jpg;0;0;2;1;0;0;0;1;1;1;0;;;
000000016142.jpg;0;0;2;0;0;0;0;0;0;1;0;;;
000000016161.jpg;1;0;1;0;1;0;0;1;0;1;1;;;
000000016164.jpg;0;0;1;1;1;0;0;0;1;1;0;;;
000000016173.jpg;0;0;1;1;1;0;0;0;1;1;0;;;
000000016180.jpg;1;0;1;1;0;0;0;0;1;1;0;;;
000000016188.jpg;0;0;1;1;0;0;0;0;1;1;1;;;
000000016193.jpg;0;0;1;0;0;1;0;1;0;1;0;;;
000000016209.jpg;0;0;1;0;0;0;0;0;0;1;1;;;
000000016210.jpg;0;0;0;1;0;0;0;0;0;1;0;;;
000000016216.jpg;0;0;1;1;0;0;0;1;1;0;0;;;
000000016237.jpg;0;0;1;1;0;0;0;1;1;1;0;;;
000000016240.jpg;0;0;0;0;1;0;1;0;0;1;0;;;
000000016243.jpg;0;0;1;1;0;0;0;0;0;1;0;;;
000000016251.jpg;0;0;1;0;0;0;0;0;1;1;1;;;
000000016253.jpg;0;0;1;1;1;0;0;0;1;1;0;;;
000000016254.jpg;0;0;1;1;0;0;0;0;0;1;0;;;
000000016255.jpg;0;0;1;1;1;0;0;0;1;1;0;;;
000000016257.jpg;0;0;1;1;1;0;0;0;1;1;1;;;
000000016292.jpg;0;0;2;1;0;0;0;0;0;1;0;;;
000000016295.jpg;0;0;0;1;1;0;0;0;0;1;0;;;
000000016297.jpg;1;0;2;1;1;0;0;0;1;1;0;;;
000000016308.jpg;0;0;1;0;0;1;0;0;0;1;0;;;
000000016314.jpg;0;0;2;1;1;0;0;1;1;1;1;;;
000000016327.jpg;0;0;1;0;0;0;0;1;0;1;0;;;
000000016335.jpg;0;0;1;1;0;1;0;0;1;1;1;;;
000000016346.jpg;0;0;1;1;1;0;0;0;1;1;1;;;
000000016355.jpg;0;0;0;1;0;0;0;0;1;1;1;;;
000000016356.jpg;0;0;1;0;0;1;0;0;1;1;1;;;
000000016403.jpg;0;0;1;1;1;0;0;0;1;1;1;;;
000000016408.jpg;0;0;0;0;1;0;1;0;1;1;1;;;
000000016418.jpg;0;0;0;1;0;0;0;0;0;1;1;;;
000000016424.jpg;0;0;1;1;0;0;0;0;1;1;0;;;
000000016432.jpg;0;0;1;1;1;0;0;0;1;1;0;;;
000000016458.jpg;0;0;2;1;0;0;0;0;1;1;0;;;
000000016465.jpg;0;0;1;1;0;1;0;0;1;1;0;;;
000000016466.jpg;0;0;1;1;0;0;0;0;1;1;0;;;
000000016470.jpg;0;0;1;0;0;0;0;0;1;1;1;;;
000000016483.jpg;0;0;2;1;0;1;0;0;0;1;0;;;
000000016497.jpg;0;0;2;1;0;0;0;0;0;1;0;;;
000000016499.jpg;0;0;0;1;0;0;0;0;0;1;0;;;
000000016509.jpg;0;0;0;0;0;0;0;0;1;1;1;;;
000000016513.jpg;0;0;2;0;1;0;0;0;1;1;1;;;
000000016520.jpg;0;1;1;1;0;0;0;0;1;1;0;;;
000000016538.jpg;0;0;1;0;0;0;0;0;1;1;1;;;
000000016546.jpg;0;0;1;0;1;0;0;1;1;1;0;;;
000000016556.jpg;0;0;0;1;1;0;1;0;1;1;0;;;
000000016567.jpg;0;0;2;0;0;0;0;0;1;1;1;;;
000000016573.jpg;0;0;1;1;0;0;0;1;1;1;0;;;
000000016575.jpg;0;0;0;0;0;0;0;0;1;1;1;;;
000000016578.jpg;0;0;2;0;1;0;0;0;1;1;1;;;
000000016590.jpg;1;0;0;0;1;0;1;1;1;1;1;;;
000000016593.jpg;0;0;1;1;0;1;0;0;1;1;0;;;
000000016606.jpg;0;0;2;1;0;0;0;0;1;1;0;;;
000000016616.jpg;0;0;1;1;0;0;0;0;1;1;0;;;
000000016629.jpg;0;0;0;0;0;0;0;1;0;1;0;;;
000000016653.jpg;0;0;0;0;0;0;0;0;0;1;0;;;
000000016660.jpg;0;0;1;0;0;0;0;0;1;1;1;;;
000000016665.jpg;0;0;1;0;0;0;0;0;1;1;1;;;
000000016669.jpg;1;0;1;0;0;0;0;1;1;1;1;;;
000000016670.jpg;0;0;1;0;0;0;0;0;1;1;1;;;
000000016672.jpg;0;0;1;1;0;0;0;0;1;1;0;;;
000000016673.jpg;0;0;0;1;1;0;1;0;1;1;0;;;
000000016680.jpg;0;0;1;0;0;0;0;1;0;1;1;;;
000000016697.jpg;0;0;1;1;0;0;0;1;1;1;0;;;
000000016701.jpg;0;0;1;1;0;0;0;1;0;1;0;;;
000000016704.jpg;0;0;2;0;0;0;0;1;1;1;0;;;
000000016730.jpg;0;0;2;0;0;1;0;0;1;1;1;;;
000000016732.jpg;0;0;0;0;1;0;1;0;1;1;0;;;
000000016737.jpg;0;0;2;0;0;0;0;0;1;1;1;;;
000000016741.jpg;0;0;1;1;0;0;0;0;0;1;0;;;
000000016755.jpg;0;0;1;0;0;0;0;1;1;1;1;;;
000000016757.jpg;0;0;0;1;0;0;0;0;0;1;0;;;
000000016758.jpg;0;0;1;1;0;0;0;0;1;1;0;;;
000000016764.jpg;0;0;0;0;1;0;1;0;0;1;1;;;
000000016765.jpg;0;0;0;0;0;0;0;0;1;1;1;;;
000000016773.jpg;0;0;1;1;0;0;0;1;0;1;0;;;
000000016776.jpg;0;0;1;1;0;0;0;0;1;1;0;;;
000000016796.jpg;0;0;0;1;1;0;1;1;1;1;0;;;
000000016825.jpg;0;0;1;0;0;0;0;1;1;1;1;;;
000000016827.jpg;0;0;0;1;0;0;0;0;1;1;0;;;
000000016831.jpg;0;0;0;1;1;0;1;0;0;1;0;;;
000000016836.jpg;0;0;0;1;0;1;0;1;0;1;0;;;
000000016837.jpg;0;0;0;1;1;0;1;0;0;1;0;;;
000000016848.jpg;0;0;0;1;1;0;1;1;0;1;0;;;
000000016857.jpg;0;0;1;1;0;0;0;0;1;1;0;;;
000000016902.jpg;0;0;0;0;0;0;0;1;0;1;0;;;
000000016935.jpg;0;0;1;1;0;1;0;1;0;1;0;;;
000000016957.jpg;0;0;1;0;0;0;0;0;1;1;1;;;
000000016959.jpg;1;0;1;1;1;0;0;0;1;1;0;;;
000000016964.jpg;0;0;1;0;0;0;0;1;1;1;0;;;
000000016980.jpg;0;0;1;0;0;0;0;0;1;1;1;;;
000000016995.jpg;0;0;1;0;1;0;0;0;1;1;1;;;
000000017003.jpg;0;1;1;1;0;0;0;0;0;1;0;;;
000000017004.jpg;0;0;1;0;1;0;0;0;1;1;1;;;
000000017018.jpg;0;0;1;0;0;1;0;0;1;1;1;;;
000000017055.jpg;0;0;1;0;1;0;0;0;1;1;1;;;
000000017078.jpg;0;0;0;1;0;0;0;1;0;1;0;;;
000000017089.jpg;0;0;1;0;1;0;0;1;1;1;0;;;
000000017095.jpg;0;0;1;1;1;0;0;1;0;1;0;;;
000000017096.jpg;0;1;2;0;0;0;0;1;0;1;0;;;
000000017100.jpg;1;0;1;0;1;0;0;1;0;1;0;;;
000000017106.jpg;0;0;1;1;0;1;0;0;1;1;1;;;
000000023893.jpg;;;;1;;;;;;;;;;
000000023917.jpg;;;1;;1;;;;;;1;;;
000000023919.jpg;;1;;;1;;;;1;1;1;;;
000000023927.jpg;;1;;1;;;;;1;;;;;
000000023951.jpg;;;;1;;1;;1;;;;;;
000000023967.jpg;;;1;1;;;;;;;;;;
000000023976.jpg;;;;;;;;1;;;;;;
000000023982.jpg;;;;;1;;1;;;1;;;;
000000023986.jpg;;;1;;;1;;;;;1;;;
000000023991.jpg;1;;1;;;;;;1;;1;;;
000000023995.jpg;;;;;;;;;;1;;;;
000000023998.jpg;;;;;;;;;1;;1;;;
000000024002.jpg;;;1;;;;;;1;;;;;
000000024020.jpg;1;;1;;;;;;1;;1;;;
000000024040.jpg;1;;;;;;1;;;1;;;;
000000024061.jpg;;;;;;;;;;;1;;;
000000024072.jpg;;;;1;;;;;1;;;;;
000000024091.jpg;;;1;;;;;;1;;;;;
000000024095.jpg;;;;;;1;;1;;;;;;
000000024100.jpg;;;1;;1;;;;1;;1;;;
000000024154.jpg;;;1;;;;;;;;1;;;
000000024157.jpg;;;;1;;1;;;;;;;;
000000024159.jpg;;;;;1;;;;;;1;;;
000000024189.jpg;1;;;1;1;;1;;;;;;;
000000024204.jpg;;;1;;;;;;;;1;;;
000000024215.jpg;1;;;;;;;1;;;1;;;
000000024223.jpg;;1;1;;;;;;;;1;;;
000000024266.jpg;;;;;;;;;1;;1;;;
000000024285.jpg;;;;1;1;;1;;1;;;;;
000000024287.jpg;;;1;;;;;1;;;;;;
000000024296.jpg;;;;;;;;1;1;;;;;
000000024299.jpg;;;1;1;;;;;;;;;;
000000024323.jpg;;;;1;1;;;;1;;;;;
000000024351.jpg;;;;;1;;;;1;;;;;
000000024372.jpg;;;;;1;;;;1;;1;;;
000000024385.jpg;;;1;;;;;;1;;1;;;
000000024393.jpg;;;1;;;;;;1;;1;;;
000000024396.jpg;;;;;1;;;;;;1;;;
000000024403.jpg;;;1;1;;;;1;;;;;;
000000024411.jpg;;;1;;;;;;1;1;1;;;
000000024436.jpg;;;1;;1;;;;;1;1;;;
000000024454.jpg;;;1;1;;;;;;1;;;;
000000024497.jpg;;;1;1;;;;;1;1;;;;
000000024498.jpg;;;;1;;;;;;1;;;;
000000024499.jpg;;;;;1;;1;;;1;;;;
000000024507.jpg;;;1;1;1;;;;;;;;;
000000024515.jpg;;;;;;1;;;;;;;;
000000024518.jpg;;1;1;;1;;;;1;1;1;;;
000000024536.jpg;;;;;;;;;;1;1;;;
000000024547.jpg;1;;;;;1;;;;1;;;;
000000024554.jpg;;;2;;;;;;1;1;1;;;
000000024560.jpg;;;1;;;;;1;;1;;;;
000000024563.jpg;;1;;;;;;;;1;1;;;
000000024600.jpg;;;1;;;1;;;;1;1;;;
000000024608.jpg;;;1;1;;;;;;1;;;;
000000024609.jpg;1;;;;1;;;;;;1;;;
000000024621.jpg;;1;;;1;;1;;;1;1;;;
000000024629.jpg;;;1;1;;;;;1;1;1;;;
000000024664.jpg;;;1;1;;;;;;1;;;;
000000024671.jpg;;;1;;;;;;1;1;;;;
000000024706.jpg;;;;;1;;1;;1;1;;;;
000000024716.jpg;;;;;1;;;;;1;1;;;
000000024730.jpg;;;;;;;;;1;;;;;
000000024737.jpg;;;;;;;;;1;1;;;;
000000024755.jpg;;;1;;;;;;1;;1;;;
000000024762.jpg;1;;;;;;;1;;1;1;;;
000000024765.jpg;;;;;1;;1;;1;;;;;
000000024769.jpg;1;;;1;1;;1;;;;;;;
000000024788.jpg;;;1;1;;;;1;;;;;;
000000024794.jpg;1;;1;1;;;;;1;1;;;;
000000024802.jpg;;;;;;;;1;;1;;;;
000000024808.jpg;;;2;;;;;;;1;1;;;
000000024842.jpg;;;1;;;;;;1;1;1;;;
000000024847.jpg;;;;;;;;1;;1;;;;
000000024859.jpg;1;;2;;;1;;;1;;1;;;
000000024861.jpg;;;;;1;;1;;;1;1;;;
000000024877.jpg;1;;2;;;;;;1;1;1;;;
000000024882.jpg;;;1;;;1;;;;1;1;;;
000000024899.jpg;;;1;;1;;;;1;1;1;;;
000000024912.jpg;;;2;;;;;;1;1;;;;
000000024915.jpg;;;;1;;;;;1;1;;;;
000000024923.jpg;1;;;;;;;1;1;1;;;;
000000024931.jpg;;1;1;1;;1;;1;;1;;;;
000000024938.jpg;;;1;1;;;;;1;1;;;;
000000024948.jpg;;;1;;;1;;;;;1;;;
000000024958.jpg;;1;1;;;1;;;;;1;;;
000000024971.jpg;;;1;1;1;;1;;;;;;;
000000024990.jpg;;;1;;1;;;1;;;1;;;
000000025003.jpg;1;;2;1;;;;;1;;;;;
000000025009.jpg;;;;;;;;;;;1;;;
000000025017.jpg;;;;;;;;;1;1;1;;;
000000025024.jpg;;;1;1;;;;;;;;;;
000000025045.jpg;;;;;1;;1;;;1;1;;;
000000025110.jpg;;1;2;1;;;;;1;;;;;
000000025115.jpg;;;2;;;;;;1;;1;;;
000000025134.jpg;;;1;;1;;;;;1;;;;
000000025142.jpg;;;;1;;;1;;;;;;;
000000025145.jpg;;1;;;1;;1;;1;;1;;;
000000025148.jpg;;;1;;;;;;;1;1;;;
000000025158.jpg;;;;;;;;;1;;1;;;
000000025167.jpg;1;;1;;1;;;;;1;1;;;
000000025192.jpg;;;1;;1;;;;1;;1;;;
000000025232.jpg;;;;1;1;;1;;;;;;;
000000025237.jpg;;;1;;;;;;;;1;;;
000000025241.jpg;1;;1;1;;1;;;;1;;;1;
000000025273.jpg;;;;1;;;;;;;;;;
000000025282.jpg;;;1;;;;;;1;1;1;;;
000000025293.jpg;;;1;;;;;;1;;1;;;
000000025316.jpg;1;;1;;1;;;;;;1;;;
000000025343.jpg;;;;;;;;1;;1;;;;
000000025346.jpg;;;;;;;;;1;1;1;;;
000000025348.jpg;1;;1;1;;;;;;1;;;;
000000025352.jpg;1;;;;1;;1;;;;;;;
000000025353.jpg;;;1;;1;;;;;1;;;;
000000025385.jpg;;;1;1;;;;;;1;1;;;
000000025388.jpg;;;2;1;;;;;1;1;;;;
000000025411.jpg;;;;;1;;;;1;;1;;;
000000025421.jpg;1;;;;;;;;1;;1;;;
000000025423.jpg;;;1;1;1;;;;;;;;;
000000025455.jpg;;;1;;;1;;1;;1;;;;
000000025461.jpg;;;1;1;;1;;;;;;;;
000000025485.jpg;;;1;;;;;;;;1;;;
000000025508.jpg;;;2;;;;;;;1;1;;;
000000025516.jpg;;;2;1;1;;;;1;;;;;
000000025517.jpg;;;1;;1;;;;1;;;;;
000000025525.jpg;;;2;;;1;;;;1;1;;;
000000025528.jpg;;1;1;;;1;;1;;;1;;;
000000025541.jpg;;;;;1;;;;1;1;1;;;
000000025548.jpg;;;;1;;;;;;1;;;;
000000025549.jpg;;;;;1;;;;1;1;1;;;
000000025550.jpg;;;;;;;;1;;;1;;;
000000025552.jpg;;;;1;1;;1;;1;;;;;
000000025595.jpg;;;1;;;;;;;;1;;;
000000025625.jpg;;;;1;;;;;1;;;;;
000000025628.jpg;;;2;1;;;;;1;1;;;;
000000025665.jpg;;;1;;;;;;;;1;;;
000000025717.jpg;;;1;1;;1;;;;;;;;
000000025743.jpg;;;2;1;;1;;;;;;;;
000000025747.jpg;;;1;1;;;;;1;;;;;
000000025748.jpg;1;;1;;;1;;;1;1;1;;;
000000025758.jpg;;1;1;;1;;;;1;;1;;;
000000025759.jpg;;;2;;1;;;;1;;1;;;
000000025777.jpg;;;1;1;;;;;1;;;;;
000000025784.jpg;;;1;1;;;;;1;1;;;;
000000025804.jpg;;;1;;;1;;;;1;1;;;
000000025812.jpg;;1;1;;;;;;;;;;;
000000025847.jpg;;;;;1;;;;1;;1;;;
000000025858.jpg;;1;1;;1;;;;1;;;;;
000000025860.jpg;1;;1;;;1;;;;;1;;;
000000025864.jpg;;;1;;1;;;;1;;1;;;
000000025885.jpg;1;;;;1;;1;;1;1;;;;
000000025902.jpg;;;1;;1;;;;1;1;1;;;
000000025951.jpg;1;;;;;;;1;;;;;;
000000025955.jpg;;;;;;;;1;;;;;;
000000025974.jpg;;;;;;;;1;;;1;;;
000000025997.jpg;;;1;;1;;;;1;;1;;;
000000025998.jpg;;;1;1;;;;;1;;;;;
000000026002.jpg;;;1;;;;;;;1;1;;;
000000026017.jpg;;;1;;;;;;1;;1;;;
000000026027.jpg;1;;;1;1;;;;;;;;;
000000026031.jpg;;;1;;;;;;1;;1;;;
000000026033.jpg;;;1;;;;;;1;;;;;
000000026035.jpg;;;2;1;;;;;;;;;;
000000033131.jpg;;;2;1;;;;;;;;;;
000000033146.jpg;;;;;1;;1;;;1;;;;
000000033157.jpg;;;2;;;;;;;;;;;
000000033167.jpg;;;;;1;;;;;;1;;;
000000033175.jpg;;;2;;1;;;;;;;;;
000000033177.jpg;;1;1;1;1;;;;;;;;;
000000033189.jpg;;;1;;1;;;;;1;1;;;
000000033204.jpg;;;1;;;1;;1;;;;;;
000000033213.jpg;;1;1;1;;;;;;;;;;
000000033240.jpg;;;2;;1;;;1;1;;;;;
000000033243.jpg;;;;;1;1;;1;;;1;;;
000000033251.jpg;;;1;;1;;;1;1;;;;;
000000033262.jpg;;;1;;1;;;1;;;1;;;
000000033305.jpg;;;1;1;;;;;;;1;;;
000000033329.jpg;1;;1;;;;;1;;;;;;
000000033332.jpg;;;1;;;;;;;;1;;;
000000033341.jpg;;;1;;;;;1;;;1;;;
000000033352.jpg;;;1;;;;;1;1;;;;;
000000033359.jpg;;;;1;;;;;1;;;;;
000000033372.jpg;;;;;;;;;;1;1;;;
000000033383.jpg;;;;1;;;;;;1;;;;
000000033422.jpg;;;1;;;1;;;;1;;;;
000000033431.jpg;1;;1;;;;;1;;;;;;
000000033435.jpg;;;2;;1;;;;;1;;;;
000000033442.jpg;;1;1;;1;;;1;;;;;;
000000033445.jpg;;;2;;1;;;1;;1;;;;
000000033471.jpg;1;;1;1;;1;;;;;1;;;
000000033494.jpg;;1;1;1;;1;;;;1;;;;
000000033529.jpg;;;1;;1;;;;;;1;;;
000000033536.jpg;;;1;;;;;;;;1;;;
000000033561.jpg;;;1;;;;;;;1;;;;
000000033567.jpg;;;1;1;1;;;;;1;;;;
000000033593.jpg;;;;;;;;;;;1;;;
000000033596.jpg;;;1;1;1;;;;1;;;;;
000000033601.jpg;;;;1;;;;;;;1;;;
000000033608.jpg;;;1;;;;;1;;1;;;;
000000033612.jpg;;1;1;1;;;;1;;;;;;
000000033629.jpg;;;1;;;;;;1;;1;;;
000000033642.jpg;;1;;;;;;;1;;1;;;
000000033643.jpg;;;2;;1;;;;;;1;;;
000000033663.jpg;;;;;1;;1;;;;;;;
000000033667.jpg;;;;1;1;;;;1;;;;;
000000033672.jpg;;;1;;;;;;;1;;;;
000000033687.jpg;;;;;;;;;;1;;;;
000000033702.jpg;1;;1;;1;;;;;;1;;;
000000033717.jpg;;;2;;;;;;1;;1;;;
000000033742.jpg;;1;1;1;1;;;;;;;;;
000000033743.jpg;;;1;1;;;;;;;;;;
000000033752.jpg;;;1;1;;;;;;;;;;
000000033753.jpg;;;2;;;;;;;1;1;;;
000000033761.jpg;;;1;1;;;;;;;1;;;
000000033765.jpg;;1;1;;1;;;;;1;;;;
000000033786.jpg;1;;1;;;;;;;1;;;;
000000033798.jpg;;;1;1;1;;;;;;;;;
000000033799.jpg;;;1;;;;;;;1;;;;
000000033820.jpg;;;1;;;;;;;1;;;;
000000033828.jpg;1;;;;1;;1;;;;;;;
000000033840.jpg;;;;;1;;;;;;1;;;
000000033841.jpg;1;;1;;;;;1;;1;;;;
000000033882.jpg;;1;1;;;;;;;;1;;;
000000033888.jpg;;;;1;;;;;;;;;;
000000033896.jpg;;;1;;;;;;;;1;;;
000000033898.jpg;;;1;;;;;;;;1;;;
000000033901.jpg;;1;1;;;1;;;;1;;;;
000000033902.jpg;;;2;;;;;;;;1;;;
000000033904.jpg;;;;;;1;;;;;1;;;
000000033909.jpg;;1;;;;;;;;1;;;;
000000033917.jpg;;;2;;1;;;;;;;;;
000000033938.jpg;;;;;;1;;;;1;;;;
000000033940.jpg;;;;;;;;;;;1;;;
000000033946.jpg;;1;1;;;;;;;1;;;;
000000033990.jpg;;;1;;;;;;;1;;;;
000000033992.jpg;;;1;;;1;;;;1;;;;
000000034013.jpg;;;;;1;;1;;;;;;;
000000034019.jpg;;;1;;;;;;;1;;;;
000000034020.jpg;;;;;1;;1;;;;;;;
000000034056.jpg;1;;;1;;;;;;;;;;
000000034061.jpg;;;;;1;;1;;;1;;;;
000000034074.jpg;;;;;1;;1;;;1;;;;
000000034086.jpg;;1;2;;;1;;;;1;;;;
000000034097.jpg;;;;;;;;;;1;1;;;
000000034114.jpg;;1;2;;;;;;;;;;;
000000034115.jpg;1;;2;;;;;;;;1;;;
000000034120.jpg;;;1;;;;;;;1;;;;
000000042680.jpg;;;;;;;;;1;1;;;;
000000042683.jpg;;;;1;;;;;1;1;1;;;
000000042685.jpg;;;1;;;1;;;;1;1;;;
000000042690.jpg;;;;1;;;;1;;1;;;;
000000042694.jpg;;;;;;;;1;;1;1;;;
000000042696.jpg;;;;1;1;;1;1;;1;;;;
000000042697.jpg;;;;;;;;1;1;1;1;;;
000000042698.jpg;;;;;;;;1;;1;1;;;
000000042704.jpg;;;2;;;1;;;;1;1;;;
000000042711.jpg;;;2;;;;;;1;1;1;;;
000000042725.jpg;;;1;1;;;;;;1;;;;
000000042731.jpg;;;1;;;1;;1;;1;1;;;
000000042735.jpg;;;1;;;;;1;1;1;1;;;
000000042737.jpg;;;;;;;1;;1;1;1;;;
000000042748.jpg;;;2;1;;1;;1;;1;;;;
000000042750.jpg;;;1;1;1;;;1;;1;;;;
000000042751.jpg;;;;;;;;1;;1;1;;;
000000042779.jpg;;;;;1;;1;;;;1;;;
000000042799.jpg;;;1;1;1;;;1;1;1;;;;
000000042800.jpg;;;1;1;;;;1;1;1;1;;;
000000042805.jpg;;;1;;1;;;1;1;1;1;;;
000000042820.jpg;;;;;1;;1;1;;1;;;;
000000042828.jpg;;;;;1;;1;;;1;1;;;
000000042834.jpg;;;1;;1;;;;1;1;1;;;
000000042837.jpg;;;1;;1;;;1;1;1;1;;;
000000042844.jpg;1;;1;;;1;;1;;;;;;
000000042855.jpg;;;;;;;;1;1;1;1;;;
000000042861.jpg;;;;;1;;;1;1;1;1;;;
000000042865.jpg;;;2;;;;;;1;1;1;;;
000000042868.jpg;;;;;;;;1;;1;1;;;
000000042871.jpg;;;;;1;;1;;;1;1;;;
000000042875.jpg;;;1;;;;;1;;;1;;;
000000042876.jpg;;;;1;1;;1;;;1;;;;
000000042893.jpg;;1;1;;;;;1;;1;1;;;
000000042919.jpg;;;2;;1;;;1;1;1;;;;
000000042947.jpg;;;;;1;;;1;;1;1;;;
000000042970.jpg;;;2;1;1;;;1;1;1;1;;;
000000042972.jpg;;;;;1;;1;1;1;1;1;;;
000000042975.jpg;;;;1;1;;;1;;1;;;;
000000043001.jpg;;;2;1;;;;1;1;1;1;;;
000000043007.jpg;;;2;1;;;;1;1;1;1;;;
000000043011.jpg;;;;;1;;1;1;;1;1;;;
000000043016.jpg;;;;;;;;1;;1;1;;;
000000043024.jpg;1;;1;1;1;;;;;1;1;;;
000000043029.jpg;;1;1;;1;;;1;;1;1;;;
000000043033.jpg;;;;1;1;;1;;1;1;;;;
000000043073.jpg;;;1;1;;;;1;1;1;;;;
000000043077.jpg;;;2;1;1;;;1;;1;;;;
000000043093.jpg;1;;2;1;;;;1;;1;;;;
000000043133.jpg;;;;;;;;1;;1;;;;
000000043150.jpg;;;1;;;;;1;;1;;;;
000000051310.jpg;0;0;0;0;0;0;0;0;0;1;0;;;
000000051322.jpg;0;0;0;0;0;0;0;0;0;1;0;;;
000000051324.jpg;0;0;1;0;0;0;0;0;1;1;1;;;
000000051328.jpg;1;0;1;1;1;0;0;0;1;1;0;;;
000000051334.jpg;0;0;2;0;0;1;0;0;0;1;0;;;
000000051335.jpg;0;0;1;1;0;1;0;0;0;1;0;;;
000000051339.jpg;0;0;1;0;0;1;0;1;0;1;0;;;
000000051355.jpg;0;0;0;0;1;0;1;0;0;1;1;;;
000000051359.jpg;0;0;1;0;1;0;0;0;0;1;1;;;
000000051369.jpg;0;0;2;1;1;0;0;0;0;1;0;;;
000000051376.jpg;0;0;0;1;0;0;0;0;1;1;;;;
000000051390.jpg;0;0;1;0;1;0;0;1;0;1;1;;;
000000051403.jpg;0;0;2;1;0;0;0;0;1;1;0;;;
000000051434.jpg;0;0;1;0;1;0;0;1;1;1;1;;;
000000051465.jpg;0;0;1;1;0;0;0;0;0;1;0;;;
000000051471.jpg;0;0;1;0;1;0;0;1;0;1;;;;
000000051478.jpg;0;0;0;0;1;0;1;0;1;1;1;;;
000000051487.jpg;0;0;2;0;1;0;0;0;1;1;1;;;
000000051495.jpg;0;0;2;1;1;0;0;0;0;1;0;;;
000000051501.jpg;0;0;1;0;0;0;0;1;1;1;1;;;
000000051522.jpg;0;0;2;0;1;0;0;1;0;1;1;;;
000000051525.jpg;0;0;1;1;0;0;0;0;0;1;0;;;
000000051530.jpg;0;0;1;0;1;0;0;1;0;1;1;;;
000000051549.jpg;0;0;1;0;1;0;0;1;1;1;0;;;
000000051555.jpg;0;0;1;1;0;0;0;0;1;1;1;;;
000000051563.jpg;0;0;2;1;0;0;0;0;1;1;0;;;
000000051571.jpg;0;0;1;0;1;0;0;0;1;1;1;;;
000000051583.jpg;0;0;2;0;1;0;0;1;1;1;1;;;
000000051618.jpg;0;0;1;0;1;0;0;0;0;1;1;;;
000000051631.jpg;0;0;1;0;0;0;0;0;1;1;1;;;
000000051639.jpg;0;0;1;0;0;0;0;0;1;1;1;;;
000000051643.jpg;0;0;2;0;0;0;0;1;1;1;1;;;
000000051644.jpg;0;0;2;0;0;0;0;;1;1;1;;;
000000051663.jpg;0;1;0;1;0;0;0;0;1;1;1;;;
000000051680.jpg;0;0;0;0;1;0;1;1;0;1;0;;;
000000051704.jpg;0;0;1;1;0;0;0;0;0;1;1;;;
000000051720.jpg;0;0;0;1;0;0;0;0;1;1;0;;;
000000051737.jpg;0;0;0;0;1;0;1;0;0;1;1;;;
000000051748.jpg;0;0;1;0;0;0;0;1;0;1;0;;;
000000051763.jpg;0;0;1;0;1;0;0;0;1;1;1;;;
000000051771.jpg;0;0;1;1;1;0;0;0;1;1;0;;;
000000051777.jpg;0;0;1;0;0;0;0;0;1;1;1;;;
000000051795.jpg;0;0;0;1;0;0;0;0;0;1;0;;;
000000051800.jpg;0;0;1;0;0;0;0;0;1;1;1;;;
000000051801.jpg;0;0;0;1;0;0;0;0;0;1;0;;;
000000051808.jpg;0;0;1;1;0;0;0;0;0;1;0;;;
000000051844.jpg;0;0;2;1;0;0;0;0;1;1;0;;;
000000051851.jpg;0;0;0;0;1;0;1;0;1;1;1;;;
000000051866.jpg;0;0;0;0;0;0;0;1;1;1;1;;;
000000051880.jpg;0;0;1;1;1;0;0;0;1;1;1;;;
000000051894.jpg;0;1;1;1;0;0;0;0;0;1;1;;;
000000051899.jpg;0;0;0;1;0;1;0;0;0;1;0;;;
000000051920.jpg;0;0;1;0;0;0;0;0;0;1;1;;;
000000051943.jpg;0;0;1;0;1;0;0;0;1;1;1;;;
000000051946.jpg;0;0;1;0;0;0;0;0;1;1;1;;;
000000051948.jpg;0;0;1;1;0;0;0;0;1;1;0;;;
000000051949.jpg;0;0;0;0;0;0;0;0;1;1;1;;;
000000051965.jpg;0;0;1;0;0;0;0;0;1;1;1;;;
000000051977.jpg;0;0;0;0;1;0;1;0;1;1;1;;;
000000051989.jpg;0;0;1;1;0;0;0;0;1;1;1;;;
000000051993.jpg;0;0;2;1;0;0;;0;0;1;0;;;
000000052020.jpg;0;0;1;0;0;0;0;0;0;1;1;;;
000000052044.jpg;0;0;0;0;1;0;1;0;1;0;0;;;
000000052066.jpg;0;0;2;0;0;1;0;0;1;1;1;;;
000000052087.jpg;1;0;0;0;0;0;0;0;1;1;1;;;
000000052094.jpg;0;0;1;1;0;0;0;0;1;1;0;;;
000000052096.jpg;0;0;1;0;0;0;0;0;0;1;1;;;
000000052107.jpg;0;0;0;0;0;0;0;1;0;1;0;;;
000000052109.jpg;0;0;1;0;0;0;0;0;0;1;1;;;
000000052112.jpg;0;0;1;0;1;0;0;1;1;1;0;;;
000000052145.jpg;0;0;2;0;0;0;0;0;1;1;0;;;
000000052155.jpg;0;0;1;0;0;0;0;0;1;1;1;;;
000000052161.jpg;0;0;1;0;0;1;0;0;1;1;1;;;
000000052166.jpg;1;0;2;0;0;0;0;1;1;1;1;;;
000000052168.jpg;0;0;0;0;1;0;1;0;1;1;1;;;
000000052208.jpg;0;0;0;0;1;0;1;0;0;1;0;;;
000000052209.jpg;0;0;0;0;1;0;1;0;1;1;1;;;
000000052219.jpg;0;0;1;0;1;0;0;0;1;1;1;;;
000000052231.jpg;0;0;1;0;0;1;0;0;1;1;0;;;
000000052248.jpg;0;0;1;1;0;1;0;0;0;1;1;;;
000000052259.jpg;0;0;1;0;1;0;0;0;1;1;1;;;
000000052284.jpg;1;0;0;0;1;0;1;0;1;1;1;;;
000000052286.jpg;0;0;0;1;0;1;0;0;0;1;0;;;
000000052312.jpg;0;0;0;0;0;0;0;1;1;1;1;;;
000000052324.jpg;0;0;0;0;1;0;1;0;0;1;1;;;
000000052347.jpg;0;1;0;0;0;0;0;0;1;1;1;;;
000000052348.jpg;0;1;1;1;0;1;0;0;0;1;0;;;
000000052360.jpg;0;0;0;1;0;0;1;0;1;1;0;;;
000000052368.jpg;0;0;2;1;1;0;0;0;1;1;1;;;
000000052376.jpg;0;0;1;1;0;0;0;0;0;1;0;;;
000000052384.jpg;0;0;2;0;0;0;0;0;0;1;1;;;
000000052406.jpg;0;0;0;0;0;0;0;0;1;1;1;;;
000000052418.jpg;0;0;1;0;0;0;0;0;1;1;1;;;
000000052425.jpg;0;0;0;0;0;0;0;0;1;1;1;;;
000000052426.jpg;0;0;0;1;0;0;0;0;0;1;1;;;
000000052440.jpg;0;1;2;0;0;0;0;0;1;1;1;;;
000000052470.jpg;0;0;0;0;1;0;1;0;1;1;1;;;
000000052490.jpg;0;0;2;0;0;0;0;0;0;1;0;;;
000000052494.jpg;0;0;2;0;1;0;0;0;1;1;1;;;
000000052498.jpg;1;0;2;0;0;0;0;0;1;1;0;;;
000000052502.jpg;0;0;1;0;0;1;0;1;0;1;1;;;
000000052527.jpg;0;1;2;0;0;1;0;0;0;0;1;;;
000000052543.jpg;0;0;2;1;0;0;0;0;1;1;1;;;
000000052563.jpg;0;0;1;1;1;0;0;0;0;1;0;;;
000000052603.jpg;0;0;1;1;0;0;0;0;1;1;1;;;
000000052614.jpg;0;0;1;1;1;0;0;0;1;1;0;;;
000000052619.jpg;1;0;1;1;0;0;0;0;0;1;0;;;
000000052624.jpg;0;0;0;0;0;0;0;1;0;1;1;;;
000000052626.jpg;0;0;0;1;0;0;0;0;0;1;0;;;
000000052629.jpg;0;0;1;1;0;0;0;0;0;1;1;;;
000000052631.jpg;0;0;0;1;1;0;1;0;1;1;0;;;
000000052634.jpg;0;0;1;1;1;0;0;0;1;1;1;;;
000000052637.jpg;0;0;1;0;0;0;0;0;0;1;1;;;
000000052638.jpg;0;0;0;1;0;0;1;0;0;1;0;;;
000000052644.jpg;0;0;1;1;0;0;0;1;0;1;1;;;
000000052650.jpg;0;0;0;1;0;0;0;0;1;1;1;;;
000000052689.jpg;0;0;1;1;0;0;0;0;0;1;0;;;
000000052700.jpg;0;0;2;0;0;1;0;0;0;1;1;;;
000000052703.jpg;0;0;0;0;0;0;0;1;1;1;1;;;
000000052729.jpg;0;0;1;1;0;0;0;0;1;1;1;;;
000000052746.jpg;0;0;0;1;1;0;1;0;0;1;1;;;
000000052784.jpg;0;0;1;1;0;1;0;1;0;1;0;;;
000000052802.jpg;0;0;1;0;0;1;0;1;0;1;0;;;
000000052818.jpg;1;0;0;0;0;0;0;1;1;1;1;;;
000000052819.jpg;0;0;1;0;1;0;0;1;1;1;1;;;
000000052826.jpg;0;1;1;0;1;0;0;1;1;1;1;;;
000000052843.jpg;0;0;1;0;1;0;0;1;1;1;1;;;
000000052844.jpg;0;0;0;0;1;0;1;0;1;1;1;;;
000000052849.jpg;0;0;2;0;0;0;0;0;0;1;1;;;
000000052853.jpg;0;1;1;0;1;0;0;1;0;1;1;;;
000000052869.jpg;1;0;1;1;0;0;0;0;0;1;0;;;
000000052871.jpg;0;0;0;1;0;0;0;0;1;1;0;;;
000000052901.jpg;0;0;2;1;0;0;0;0;1;1;1;;;
000000052902.jpg;0;0;0;0;0;0;0;0;0;1;1;;;
000000052924.jpg;0;0;1;0;0;0;0;1;1;1;0;;;
000000052925.jpg;0;0;2;0;0;0;0;1;1;1;0;;;
000000052929.jpg;0;0;1;0;0;1;0;1;0;1;1;;;
000000052936.jpg;0;0;1;0;0;0;0;0;0;1;1;;;
000000052943.jpg;0;0;0;1;1;0;1;0;1;1;0;;;
000000052947.jpg;0;0;0;1;0;0;0;0;0;1;0;;;
000000052948.jpg;0;0;2;1;0;0;0;0;1;1;0;;;
000000052949.jpg;0;0;0;0;0;0;0;1;1;1;1;;;
000000052956.jpg;0;0;0;0;0;1;1;0;0;1;1;;;
000000052966.jpg;0;0;0;0;0;0;0;1;1;1;1;;;
000000052982.jpg;1;0;1;0;1;0;0;1;1;1;1;;;
000000052983.jpg;0;0;2;0;0;1;0;1;0;1;1;;;
000000052986.jpg;0;0;0;0;0;0;0;1;1;1;1;;;
000000052992.jpg;1;0;0;0;1;0;1;0;0;1;0;;;
000000053016.jpg;0;0;1;0;0;1;0;1;0;1;0;;;
000000053022.jpg;0;0;2;0;1;0;0;0;1;1;1;;;
000000053064.jpg;0;0;1;1;0;0;0;0;0;1;0;;;
000000053082.jpg;0;0;0;0;1;0;1;1;0;1;1;;;
000000053084.jpg;0;0;2;1;1;0;0;0;1;1;0;;;
000000053102.jpg;0;0;1;1;0;1;0;0;0;1;0;;;
000000053111.jpg;0;0;0;0;0;0;0;1;0;1;0;;;
000000053120.jpg;0;0;2;0;1;0;0;1;1;1;1;;;
000000053121.jpg;0;1;2;0;0;0;0;0;0;1;1;;;
000000053123.jpg;0;0;1;1;0;0;0;0;1;1;0;;;
000000053139.jpg;1;0;0;1;0;0;1;0;1;1;0;;;
000000053142.jpg;0;0;1;1;1;0;0;0;0;1;0;;;
000000053150.jpg;0;0;1;1;0;0;0;0;1;1;0;;;
000000053170.jpg;0;0;2;1;1;0;0;0;0;1;0;;;
000000053176.jpg;0;0;1;1;1;0;0;0;0;1;0;;;
000000053184.jpg;0;0;2;0;1;0;0;0;1;1;1;;;
000000053223.jpg;0;1;1;0;0;0;0;1;0;1;1;;;
000000053229.jpg;0;0;1;0;0;1;0;0;0;1;1;;;
000000053232.jpg;0;0;0;0;1;0;1;0;0;1;1;;;
000000053255.jpg;0;0;0;0;1;0;1;1;0;1;0;;;
000000053267.jpg;0;0;0;0;0;0;0;1;0;1;1;;;
000000053289.jpg;0;0;1;0;0;0;0;1;0;1;0;;;
000000053301.jpg;0;0;1;;0;0;0;0;0;1;1;;;
000000053315.jpg;0;0;0;0;1;0;1;1;0;1;1;;;
000000053317.jpg;0;0;2;0;0;0;0;0;1;1;1;;;
000000053328.jpg;0;0;0;0;1;0;1;0;1;1;1;;;
000000053330.jpg;0;0;1;1;1;0;0;0;0;1;0;;;
000000053345.jpg;1;0;1;1;0;0;0;0;1;1;0;;;
000000053359.jpg;0;0;1;0;1;0;0;0;1;1;1;;;
000000053364.jpg;1;0;1;0;0;0;0;0;0;1;1;;;
000000053369.jpg;0;0;0;0;1;0;1;0;1;1;1;;;
000000053385.jpg;0;0;0;0;1;0;1;0;0;1;0;;;
000000053404.jpg;1;0;0;1;1;0;0;0;0;1;0;;;
000000053405.jpg;0;0;0;0;0;0;0;1;0;1;1;;;
000000053410.jpg;0;1;0;0;0;0;0;0;0;1;1;;;
000000053417.jpg;0;0;0;0;1;0;1;1;1;1;0;;;
000000053420.jpg;0;0;1;0;0;0;0;1;0;1;0;;;
000000053423.jpg;0;0;1;1;1;0;0;0;0;1;0;;;
000000053426.jpg;0;0;0;1;1;0;1;0;1;1;1;;;
000000053431.jpg;0;0;1;1;1;0;0;0;0;1;0;;;
000000053436.jpg;0;1;0;0;0;0;0;1;1;1;1;;;
000000053448.jpg;1;0;0;1;0;0;0;1;0;1;0;;;
000000053450.jpg;0;0;0;0;1;0;1;1;0;1;0;;;
000000053455.jpg;0;0;1;1;1;0;0;0;1;1;0;;;
000000053457.jpg;0;0;2;0;1;0;0;1;0;1;0;;;
000000053458.jpg;0;0;1;1;0;0;0;1;0;1;0;;;
000000053474.jpg;0;0;2;1;0;0;0;1;1;1;0;;;
000000053484.jpg;0;0;2;0;0;0;0;1;0;1;1;;;
000000053503.jpg;0;0;0;1;1;0;1;1;1;1;1;;;
000000053533.jpg;1;0;1;0;0;1;0;0;0;1;1;;;
000000053580.jpg;0;0;0;1;1;0;1;0;1;1;0;;;
000000053587.jpg;0;0;1;0;0;0;0;1;0;1;0;;;
000000053591.jpg;0;0;0;1;1;0;1;0;1;1;0;;;